CustomerID,Recency,Frequency,Monetary,AveragePurchaseValue,CustomerLifetimeValue,Cluster,Segment
12000,3,7,1015.52,145.0742857142857,1015.52,1,Loyal Steady Shoppers
12001,603,1,13.77,13.77,13.77,2,Occasional / Low-Engagement Shoppers
12002,11,8,1383.33,172.91625,1383.33,1,Loyal Steady Shoppers
12003,4,18,8185.98,454.77666666666664,8185.98,3,Champions (High-Value VIPs)
12004,239,7,1132.34,161.76285714285714,1132.34,0,At-Risk / Lapsed Spenders
12005,9,10,5308.01,530.801,5308.01,3,Champions (High-Value VIPs)
12006,269,2,100.15,50.075,100.15,2,Occasional / Low-Engagement Shoppers
12007,9,8,1610.94,201.3675,1610.94,1,Loyal Steady Shoppers
12008,41,8,1026.6000000000001,128.32500000000002,1026.6000000000001,1,Loyal Steady Shoppers
12009,33,4,324.76,81.19,324.76,1,Loyal Steady Shoppers
12010,373,4,791.55,197.8875,791.55,0,At-Risk / Lapsed Spenders
12011,40,5,785.94,157.18800000000002,785.94,1,Loyal Steady Shoppers
12012,14,7,1459.74,208.53428571428572,1459.74,1,Loyal Steady Shoppers
12013,5,6,1354.81,225.80166666666665,1354.81,1,Loyal Steady Shoppers
12014,302,7,1223.94,174.84857142857143,1223.94,0,At-Risk / Lapsed Spenders
12015,355,4,369.84000000000003,92.46000000000001,369.84000000000003,0,At-Risk / Lapsed Spenders
12016,1,14,7075.75,505.4107142857143,7075.75,3,Champions (High-Value VIPs)
12017,692,1,16.48,16.48,16.48,2,Occasional / Low-Engagement Shoppers
12018,17,8,912.88,114.11,912.88,1,Loyal Steady Shoppers
12019,229,4,502.75,125.6875,502.75,0,At-Risk / Lapsed Spenders
12020,2,15,7189.15,479.27666666666664,7189.15,3,Champions (High-Value VIPs)
12021,4,13,5790.47,445.4207692307692,5790.47,3,Champions (High-Value VIPs)
12022,19,6,991.2,165.20000000000002,991.2,1,Loyal Steady Shoppers
12023,5,5,800.67,160.134,800.67,1,Loyal Steady Shoppers
12024,289,5,650.89,130.178,650.89,0,At-Risk / Lapsed Spenders
12025,107,1,54.99,54.99,54.99,2,Occasional / Low-Engagement Shoppers
12026,473,1,4.86,4.86,4.86,2,Occasional / Low-Engagement Shoppers
12027,189,6,747.8,124.63333333333333,747.8,0,At-Risk / Lapsed Spenders
12028,1,9,3341.79,371.31,3341.79,3,Champions (High-Value VIPs)
12029,5,20,10228.68,511.434,10228.68,3,Champions (High-Value VIPs)
12030,62,6,1111.68,185.28,1111.68,1,Loyal Steady Shoppers
12031,275,2,64.51,32.255,64.51,2,Occasional / Low-Engagement Shoppers
12032,19,8,1107.2,138.4,1107.2,1,Loyal Steady Shoppers
12033,2,17,7622.0,448.3529411764706,7622.0,3,Champions (High-Value VIPs)
12034,1,18,10765.65,598.0916666666667,10765.65,3,Champions (High-Value VIPs)
12035,39,2,41.94,20.97,41.94,2,Occasional / Low-Engagement Shoppers
12036,2,19,8553.24,450.17052631578946,8553.24,3,Champions (High-Value VIPs)
12037,29,1,78.97999999999999,78.97999999999999,78.97999999999999,2,Occasional / Low-Engagement Shoppers
12038,105,1,3.32,3.32,3.32,2,Occasional / Low-Engagement Shoppers
12039,21,4,753.89,188.4725,753.89,1,Loyal Steady Shoppers
12040,122,2,44.85,22.425,44.85,2,Occasional / Low-Engagement Shoppers
12041,14,6,946.42,157.73666666666665,946.42,1,Loyal Steady Shoppers
12042,33,4,439.99,109.9975,439.99,1,Loyal Steady Shoppers
12043,68,1,17.78,17.78,17.78,2,Occasional / Low-Engagement Shoppers
12044,344,1,22.369999999999997,22.369999999999997,22.369999999999997,2,Occasional / Low-Engagement Shoppers
12045,8,13,6735.4400000000005,518.1107692307693,6735.4400000000005,3,Champions (High-Value VIPs)
12046,203,1,20.79,20.79,20.79,2,Occasional / Low-Engagement Shoppers
12047,13,2,44.1,22.05,44.1,2,Occasional / Low-Engagement Shoppers
12048,410,3,406.06,135.35333333333332,406.06,0,At-Risk / Lapsed Spenders
12049,5,21,10437.9,497.04285714285714,10437.9,3,Champions (High-Value VIPs)
12050,5,19,11296.5,594.5526315789474,11296.5,3,Champions (High-Value VIPs)
12051,117,4,684.48,171.12,684.48,0,At-Risk / Lapsed Spenders
12052,19,2,102.05,51.025,102.05,2,Occasional / Low-Engagement Shoppers
12053,38,6,1010.96,168.49333333333334,1010.96,1,Loyal Steady Shoppers
12054,19,4,518.15,129.5375,518.15,1,Loyal Steady Shoppers
12055,11,8,982.4,122.8,982.4,1,Loyal Steady Shoppers
12056,454,1,11.719999999999999,11.719999999999999,11.719999999999999,2,Occasional / Low-Engagement Shoppers
12057,391,6,537.73,89.62166666666667,537.73,0,At-Risk / Lapsed Spenders
12058,510,2,40.41,20.205,40.41,2,Occasional / Low-Engagement Shoppers
12059,232,2,41.75,20.875,41.75,2,Occasional / Low-Engagement Shoppers
12060,313,1,19.84,19.84,19.84,2,Occasional / Low-Engagement Shoppers
12061,107,6,686.97,114.495,686.97,0,At-Risk / Lapsed Spenders
12062,9,6,1034.98,172.49666666666667,1034.98,1,Loyal Steady Shoppers
12063,81,1,45.14,45.14,45.14,2,Occasional / Low-Engagement Shoppers
12064,10,18,9433.62,524.09,9433.62,3,Champions (High-Value VIPs)
12065,54,6,741.41,123.56833333333333,741.41,1,Loyal Steady Shoppers
12066,6,11,4874.31,443.11909090909097,4874.31,3,Champions (High-Value VIPs)
12067,273,2,104.97,52.485,104.97,2,Occasional / Low-Engagement Shoppers
12068,203,6,577.18,96.19666666666666,577.18,0,At-Risk / Lapsed Spenders
12069,17,7,844.23,120.60428571428572,844.23,1,Loyal Steady Shoppers
12070,248,2,27.220000000000002,13.610000000000001,27.220000000000002,2,Occasional / Low-Engagement Shoppers
12071,22,6,1129.64,188.27333333333334,1129.64,1,Loyal Steady Shoppers
12072,37,5,946.46,189.292,946.46,1,Loyal Steady Shoppers
12073,293,7,628.5,89.78571428571429,628.5,0,At-Risk / Lapsed Spenders
12074,1,15,7931.44,528.7626666666666,7931.44,3,Champions (High-Value VIPs)
12075,259,1,18.48,18.48,18.48,2,Occasional / Low-Engagement Shoppers
12076,3,13,5871.0,451.61538461538464,5871.0,3,Champions (High-Value VIPs)
12077,192,2,56.410000000000004,28.205000000000002,56.410000000000004,2,Occasional / Low-Engagement Shoppers
12078,259,5,592.14,118.428,592.14,0,At-Risk / Lapsed Spenders
12079,42,5,936.27,187.254,936.27,1,Loyal Steady Shoppers
12080,7,5,561.87,112.374,561.87,1,Loyal Steady Shoppers
12081,438,3,448.76,149.58666666666667,448.76,0,At-Risk / Lapsed Spenders
12082,15,9,2670.55,296.7277777777778,2670.55,1,Loyal Steady Shoppers
12083,15,4,719.99,179.9975,719.99,1,Loyal Steady Shoppers
12084,16,10,4701.21,470.121,4701.21,3,Champions (High-Value VIPs)
12085,222,7,558.11,79.73,558.11,0,At-Risk / Lapsed Spenders
12086,227,4,487.81,121.9525,487.81,0,At-Risk / Lapsed Spenders
12087,395,5,629.02,125.804,629.02,0,At-Risk / Lapsed Spenders
12088,171,7,745.37,106.48142857142857,745.37,0,At-Risk / Lapsed Spenders
12089,461,1,10.04,10.04,10.04,2,Occasional / Low-Engagement Shoppers
12090,22,7,861.35,123.05,861.35,1,Loyal Steady Shoppers
12091,89,2,177.20999999999998,88.60499999999999,177.20999999999998,2,Occasional / Low-Engagement Shoppers
12092,7,6,836.62,139.43666666666667,836.62,1,Loyal Steady Shoppers
12093,83,2,198.35999999999999,99.17999999999999,198.35999999999999,2,Occasional / Low-Engagement Shoppers
12094,333,7,749.76,107.10857142857142,749.76,0,At-Risk / Lapsed Spenders
12095,6,18,8510.59,472.81055555555554,8510.59,3,Champions (High-Value VIPs)
12096,614,1,17.6,17.6,17.6,2,Occasional / Low-Engagement Shoppers
12097,8,8,1063.07,132.88375,1063.07,1,Loyal Steady Shoppers
12098,3,1,40.05,40.05,40.05,2,Occasional / Low-Engagement Shoppers
12099,225,1,37.59,37.59,37.59,2,Occasional / Low-Engagement Shoppers
12100,202,5,324.64,64.928,324.64,0,At-Risk / Lapsed Spenders
12101,49,6,632.91,105.485,632.91,1,Loyal Steady Shoppers
12102,243,7,976.17,139.45285714285714,976.17,0,At-Risk / Lapsed Spenders
12103,9,9,5700.25,633.3611111111111,5700.25,3,Champions (High-Value VIPs)
12104,2,15,5789.26,385.9506666666667,5789.26,3,Champions (High-Value VIPs)
12105,206,3,398.03,132.67666666666665,398.03,0,At-Risk / Lapsed Spenders
12106,429,3,312.42,104.14,312.42,0,At-Risk / Lapsed Spenders
12107,97,2,39.86,19.93,39.86,2,Occasional / Low-Engagement Shoppers
12108,93,4,689.51,172.3775,689.51,0,At-Risk / Lapsed Spenders
12109,393,4,477.28,119.32,477.28,0,At-Risk / Lapsed Spenders
12110,204,7,952.23,136.03285714285715,952.23,0,At-Risk / Lapsed Spenders
12111,7,10,5609.25,560.925,5609.25,3,Champions (High-Value VIPs)
12112,44,6,1233.52,205.58666666666667,1233.52,1,Loyal Steady Shoppers
12113,203,2,32.21,16.105,32.21,2,Occasional / Low-Engagement Shoppers
12114,286,1,35.16,35.16,35.16,2,Occasional / Low-Engagement Shoppers
12115,418,2,32.08,16.04,32.08,2,Occasional / Low-Engagement Shoppers
12116,389,3,146.1,48.699999999999996,146.1,0,At-Risk / Lapsed Spenders
12117,16,8,815.07,101.88375,815.07,1,Loyal Steady Shoppers
12118,54,7,910.57,130.08142857142857,910.57,1,Loyal Steady Shoppers
12119,205,6,675.21,112.53500000000001,675.21,0,At-Risk / Lapsed Spenders
12120,522,1,29.46,29.46,29.46,2,Occasional / Low-Engagement Shoppers
12121,34,1,4.9799999999999995,4.9799999999999995,4.9799999999999995,2,Occasional / Low-Engagement Shoppers
12122,4,15,8506.52,567.1013333333334,8506.52,3,Champions (High-Value VIPs)
12123,6,7,1119.54,159.93428571428572,1119.54,1,Loyal Steady Shoppers
12124,505,1,57.99,57.99,57.99,2,Occasional / Low-Engagement Shoppers
12125,5,6,926.17,154.36166666666665,926.17,1,Loyal Steady Shoppers
12126,573,1,59.37,59.37,59.37,2,Occasional / Low-Engagement Shoppers
12127,15,4,821.21,205.3025,821.21,1,Loyal Steady Shoppers
12128,667,1,63.14,63.14,63.14,2,Occasional / Low-Engagement Shoppers
12129,227,5,219.97,43.994,219.97,0,At-Risk / Lapsed Spenders
12130,206,4,363.94,90.985,363.94,0,At-Risk / Lapsed Spenders
12131,1,8,3247.2400000000002,405.90500000000003,3247.2400000000002,3,Champions (High-Value VIPs)
12132,299,1,19.19,19.19,19.19,2,Occasional / Low-Engagement Shoppers
12133,239,5,633.23,126.646,633.23,0,At-Risk / Lapsed Spenders
12134,50,5,653.1800000000001,130.63600000000002,653.1800000000001,1,Loyal Steady Shoppers
12135,17,1,22.980000000000004,22.980000000000004,22.980000000000004,2,Occasional / Low-Engagement Shoppers
12136,318,1,45.47,45.47,45.47,2,Occasional / Low-Engagement Shoppers
12137,316,3,411.90999999999997,137.3033333333333,411.90999999999997,0,At-Risk / Lapsed Spenders
12138,348,2,17.9,8.95,17.9,2,Occasional / Low-Engagement Shoppers
12139,135,2,21.979999999999997,10.989999999999998,21.979999999999997,2,Occasional / Low-Engagement Shoppers
12140,101,2,108.05,54.025,108.05,2,Occasional / Low-Engagement Shoppers
12141,35,5,521.1,104.22,521.1,1,Loyal Steady Shoppers
12142,195,5,404.42,80.884,404.42,0,At-Risk / Lapsed Spenders
12143,56,5,531.58,106.316,531.58,0,At-Risk / Lapsed Spenders
12144,17,4,356.42,89.105,356.42,1,Loyal Steady Shoppers
12145,5,15,8245.74,549.716,8245.74,3,Champions (High-Value VIPs)
12146,604,2,49.25,24.625,49.25,2,Occasional / Low-Engagement Shoppers
12147,4,14,6425.58,458.96999999999997,6425.58,3,Champions (High-Value VIPs)
12148,102,1,38.769999999999996,38.769999999999996,38.769999999999996,2,Occasional / Low-Engagement Shoppers
12149,389,6,511.69,85.28166666666667,511.69,0,At-Risk / Lapsed Spenders
12150,1,21,10912.16,519.6266666666667,10912.16,3,Champions (High-Value VIPs)
12151,162,5,884.02,176.804,884.02,0,At-Risk / Lapsed Spenders
12152,565,1,7.8500000000000005,7.8500000000000005,7.8500000000000005,2,Occasional / Low-Engagement Shoppers
12153,457,5,374.49,74.898,374.49,0,At-Risk / Lapsed Spenders
12154,287,2,45.77,22.885,45.77,2,Occasional / Low-Engagement Shoppers
12155,17,6,761.31,126.88499999999999,761.31,1,Loyal Steady Shoppers
12156,1,11,4761.35,432.85,4761.35,3,Champions (High-Value VIPs)
12157,100,2,21.4,10.7,21.4,2,Occasional / Low-Engagement Shoppers
12158,57,5,368.27,73.654,368.27,0,At-Risk / Lapsed Spenders
12159,2,8,940.09,117.51125,940.09,1,Loyal Steady Shoppers
12160,208,7,834.93,119.27571428571427,834.93,0,At-Risk / Lapsed Spenders
12161,377,4,733.8199999999999,183.45499999999998,733.8199999999999,0,At-Risk / Lapsed Spenders
12162,597,1,25.72,25.72,25.72,2,Occasional / Low-Engagement Shoppers
12163,442,3,559.14,186.38,559.14,0,At-Risk / Lapsed Spenders
12164,64,5,600.66,120.13199999999999,600.66,0,At-Risk / Lapsed Spenders
12165,8,5,430.73,86.146,430.73,1,Loyal Steady Shoppers
12166,1,10,4097.2699999999995,409.727,4097.2699999999995,3,Champions (High-Value VIPs)
12167,11,13,6907.43,531.3407692307693,6907.43,3,Champions (High-Value VIPs)
12169,3,7,951.8000000000001,135.9714285714286,951.8000000000001,1,Loyal Steady Shoppers
12170,24,8,1559.3600000000001,194.92000000000002,1559.3600000000001,1,Loyal Steady Shoppers
12171,5,8,1565.81,195.72625,1565.81,1,Loyal Steady Shoppers
12172,117,5,538.44,107.68800000000002,538.44,0,At-Risk / Lapsed Spenders
12173,235,7,832.65,118.95,832.65,0,At-Risk / Lapsed Spenders
12174,60,6,969.48,161.58,969.48,1,Loyal Steady Shoppers
12175,292,3,780.5899999999999,260.19666666666666,780.5899999999999,0,At-Risk / Lapsed Spenders
12176,188,5,613.92,122.78399999999999,613.92,0,At-Risk / Lapsed Spenders
12177,1,12,4664.14,388.67833333333334,4664.14,3,Champions (High-Value VIPs)
12178,2,12,5331.36,444.28,5331.36,3,Champions (High-Value VIPs)
12179,120,2,44.06,22.03,44.06,2,Occasional / Low-Engagement Shoppers
12180,60,5,679.6899999999999,135.938,679.6899999999999,0,At-Risk / Lapsed Spenders
12181,18,6,1075.45,179.24166666666667,1075.45,1,Loyal Steady Shoppers
12182,408,2,50.08,25.04,50.08,2,Occasional / Low-Engagement Shoppers
12183,225,2,25.9,12.95,25.9,2,Occasional / Low-Engagement Shoppers
12184,2,6,765.62,127.60333333333334,765.62,1,Loyal Steady Shoppers
12185,25,8,4355.62,544.4525,4355.62,1,Loyal Steady Shoppers
12186,2,21,10194.23,485.4395238095238,10194.23,3,Champions (High-Value VIPs)
12187,2,9,4597.33,510.81444444444446,4597.33,3,Champions (High-Value VIPs)
12188,229,1,7.65,7.65,7.65,2,Occasional / Low-Engagement Shoppers
12189,175,2,26.18,13.09,26.18,2,Occasional / Low-Engagement Shoppers
12190,5,10,4729.85,472.985,4729.85,3,Champions (High-Value VIPs)
12191,386,3,385.05,128.35,385.05,0,At-Risk / Lapsed Spenders
12192,65,2,13.059999999999999,6.529999999999999,13.059999999999999,2,Occasional / Low-Engagement Shoppers
12193,11,7,880.13,125.73285714285714,880.13,1,Loyal Steady Shoppers
12194,47,2,52.07,26.035,52.07,2,Occasional / Low-Engagement Shoppers
12195,303,2,20.57,10.285,20.57,2,Occasional / Low-Engagement Shoppers
12196,1,7,1190.05,170.00714285714284,1190.05,1,Loyal Steady Shoppers
12197,3,7,1056.66,150.95142857142858,1056.66,1,Loyal Steady Shoppers
12198,450,1,14.829999999999998,14.829999999999998,14.829999999999998,2,Occasional / Low-Engagement Shoppers
12199,408,1,13.58,13.58,13.58,2,Occasional / Low-Engagement Shoppers
12200,4,13,6333.46,487.1892307692308,6333.46,3,Champions (High-Value VIPs)
12201,181,7,603.9300000000001,86.2757142857143,603.9300000000001,0,At-Risk / Lapsed Spenders
12202,7,6,974.14,162.35666666666665,974.14,1,Loyal Steady Shoppers
12203,56,7,812.5,116.07142857142857,812.5,1,Loyal Steady Shoppers
12204,263,2,68.59,34.295,68.59,2,Occasional / Low-Engagement Shoppers
12205,9,7,708.9699999999999,101.28142857142856,708.9699999999999,1,Loyal Steady Shoppers
12206,44,1,15.190000000000001,15.190000000000001,15.190000000000001,2,Occasional / Low-Engagement Shoppers
12207,163,7,1098.83,156.97571428571428,1098.83,0,At-Risk / Lapsed Spenders
12208,31,8,843.14,105.3925,843.14,1,Loyal Steady Shoppers
12209,203,4,659.63,164.9075,659.63,0,At-Risk / Lapsed Spenders
12210,155,2,15.42,7.71,15.42,2,Occasional / Low-Engagement Shoppers
12211,4,18,8471.76,470.65333333333336,8471.76,3,Champions (High-Value VIPs)
12212,5,15,7637.11,509.1406666666666,7637.11,3,Champions (High-Value VIPs)
12213,7,5,552.52,110.50399999999999,552.52,1,Loyal Steady Shoppers
12214,14,5,608.55,121.71,608.55,1,Loyal Steady Shoppers
12215,2,8,5084.86,635.6075,5084.86,3,Champions (High-Value VIPs)
12216,169,3,427.43,142.47666666666666,427.43,0,At-Risk / Lapsed Spenders
12217,1,14,6661.77,475.84071428571434,6661.77,3,Champions (High-Value VIPs)
12218,6,18,9038.72,502.15111111111105,9038.72,3,Champions (High-Value VIPs)
12219,57,2,47.97,23.985,47.97,2,Occasional / Low-Engagement Shoppers
12220,18,18,10033.05,557.3916666666667,10033.05,3,Champions (High-Value VIPs)
12221,18,4,829.5600000000001,207.39000000000001,829.5600000000001,1,Loyal Steady Shoppers
12222,51,2,90.69000000000001,45.345000000000006,90.69000000000001,2,Occasional / Low-Engagement Shoppers
12223,385,1,29.479999999999997,29.479999999999997,29.479999999999997,2,Occasional / Low-Engagement Shoppers
12224,78,6,538.6999999999999,89.78333333333332,538.6999999999999,0,At-Risk / Lapsed Spenders
12225,393,1,33.65,33.65,33.65,2,Occasional / Low-Engagement Shoppers
12226,2,7,821.78,117.39714285714285,821.78,1,Loyal Steady Shoppers
12227,2,13,5784.58,444.9676923076923,5784.58,3,Champions (High-Value VIPs)
12228,2,14,7619.67,544.2621428571429,7619.67,3,Champions (High-Value VIPs)
12229,1,8,3500.75,437.59375,3500.75,3,Champions (High-Value VIPs)
12230,5,10,4838.53,483.85299999999995,4838.53,3,Champions (High-Value VIPs)
12231,282,1,31.89,31.89,31.89,2,Occasional / Low-Engagement Shoppers
12232,189,2,48.690000000000005,24.345000000000002,48.690000000000005,2,Occasional / Low-Engagement Shoppers
12233,18,6,1442.93,240.48833333333334,1442.93,1,Loyal Steady Shoppers
12234,34,4,920.1999999999999,230.04999999999998,920.1999999999999,1,Loyal Steady Shoppers
12235,2,12,6164.4,513.6999999999999,6164.4,3,Champions (High-Value VIPs)
12236,6,19,9456.76,497.7242105263158,9456.76,3,Champions (High-Value VIPs)
12237,161,5,472.83000000000004,94.566,472.83000000000004,0,At-Risk / Lapsed Spenders
12238,12,12,6550.97,545.9141666666667,6550.97,3,Champions (High-Value VIPs)
12239,301,2,57.62,28.81,57.62,2,Occasional / Low-Engagement Shoppers
12240,180,5,416.13,83.226,416.13,0,At-Risk / Lapsed Spenders
12241,17,8,1279.57,159.94625,1279.57,1,Loyal Steady Shoppers
12242,408,6,664.69,110.78166666666668,664.69,0,At-Risk / Lapsed Spenders
12243,2,17,7562.61,444.85941176470584,7562.61,3,Champions (High-Value VIPs)
12244,408,1,10.940000000000001,10.940000000000001,10.940000000000001,2,Occasional / Low-Engagement Shoppers
12245,37,7,1149.29,164.18428571428572,1149.29,1,Loyal Steady Shoppers
12246,40,6,577.01,96.16833333333334,577.01,1,Loyal Steady Shoppers
12247,51,5,1068.34,213.66799999999998,1068.34,1,Loyal Steady Shoppers
12248,385,3,149.59,49.86333333333334,149.59,0,At-Risk / Lapsed Spenders
12249,406,1,5.9399999999999995,5.9399999999999995,5.9399999999999995,2,Occasional / Low-Engagement Shoppers
12250,294,6,967.92,161.32,967.92,0,At-Risk / Lapsed Spenders
12251,5,8,1250.55,156.31875,1250.55,1,Loyal Steady Shoppers
12252,377,6,910.6700000000001,151.77833333333334,910.6700000000001,0,At-Risk / Lapsed Spenders
12253,66,1,27.51,27.51,27.51,2,Occasional / Low-Engagement Shoppers
12254,591,2,31.869999999999997,15.934999999999999,31.869999999999997,2,Occasional / Low-Engagement Shoppers
12255,235,6,1009.7,168.28333333333333,1009.7,0,At-Risk / Lapsed Spenders
12256,594,1,145.04,145.04,145.04,2,Occasional / Low-Engagement Shoppers
12257,8,14,6132.71,438.05071428571426,6132.71,3,Champions (High-Value VIPs)
12258,10,8,1116.8,139.6,1116.8,1,Loyal Steady Shoppers
12259,577,2,87.83999999999999,43.919999999999995,87.83999999999999,2,Occasional / Low-Engagement Shoppers
12260,224,3,375.2,125.06666666666666,375.2,0,At-Risk / Lapsed Spenders
12261,128,2,122.61999999999999,61.309999999999995,122.61999999999999,2,Occasional / Low-Engagement Shoppers
12262,279,1,12.16,12.16,12.16,2,Occasional / Low-Engagement Shoppers
12263,14,6,1240.97,206.82833333333335,1240.97,1,Loyal Steady Shoppers
12264,1,8,4051.27,506.40875,4051.27,3,Champions (High-Value VIPs)
12265,198,1,60.75,60.75,60.75,2,Occasional / Low-Engagement Shoppers
12266,81,2,28.160000000000004,14.080000000000002,28.160000000000004,2,Occasional / Low-Engagement Shoppers
12267,217,1,2.9,2.9,2.9,2,Occasional / Low-Engagement Shoppers
12268,469,1,40.32,40.32,40.32,2,Occasional / Low-Engagement Shoppers
12269,122,4,259.90999999999997,64.97749999999999,259.90999999999997,0,At-Risk / Lapsed Spenders
12270,437,2,115.93,57.965,115.93,2,Occasional / Low-Engagement Shoppers
12271,36,6,939.28,156.54666666666665,939.28,1,Loyal Steady Shoppers
12272,172,4,340.3,85.075,340.3,0,At-Risk / Lapsed Spenders
12273,3,14,7213.19,515.2278571428571,7213.19,3,Champions (High-Value VIPs)
12274,228,6,577.79,96.29833333333333,577.79,0,At-Risk / Lapsed Spenders
12275,203,7,1249.98,178.56857142857143,1249.98,0,At-Risk / Lapsed Spenders
12276,262,5,751.92,150.384,751.92,0,At-Risk / Lapsed Spenders
12277,129,2,36.75,18.375,36.75,2,Occasional / Low-Engagement Shoppers
12278,2,18,9264.5,514.6944444444445,9264.5,3,Champions (High-Value VIPs)
12279,274,1,0.83,0.83,0.83,2,Occasional / Low-Engagement Shoppers
12280,58,2,87.78999999999999,43.894999999999996,87.78999999999999,2,Occasional / Low-Engagement Shoppers
12281,4,20,9593.8,479.68999999999994,9593.8,3,Champions (High-Value VIPs)
12282,2,8,821.66,102.7075,821.66,1,Loyal Steady Shoppers
12283,32,8,1268.46,158.5575,1268.46,1,Loyal Steady Shoppers
12284,113,2,46.66,23.33,46.66,2,Occasional / Low-Engagement Shoppers
12285,242,7,721.45,103.06428571428572,721.45,0,At-Risk / Lapsed Spenders
12286,42,4,637.75,159.4375,637.75,1,Loyal Steady Shoppers
12287,564,1,26.51,26.51,26.51,2,Occasional / Low-Engagement Shoppers
12288,6,12,7485.1,623.7583333333333,7485.1,3,Champions (High-Value VIPs)
12289,62,7,1335.2,190.74285714285716,1335.2,1,Loyal Steady Shoppers
12290,6,8,1005.95,125.74375,1005.95,1,Loyal Steady Shoppers
12291,15,6,783.47,130.57833333333335,783.47,1,Loyal Steady Shoppers
12292,267,5,736.07,147.214,736.07,0,At-Risk / Lapsed Spenders
12293,11,9,4010.11,445.5677777777778,4010.11,3,Champions (High-Value VIPs)
12294,4,12,6606.69,550.5575,6606.69,3,Champions (High-Value VIPs)
12295,7,8,3643.59,455.44875,3643.59,1,Loyal Steady Shoppers
12296,37,7,706.79,100.97,706.79,1,Loyal Steady Shoppers
12297,718,1,8.58,8.58,8.58,2,Occasional / Low-Engagement Shoppers
12298,447,4,563.0600000000001,140.76500000000001,563.0600000000001,0,At-Risk / Lapsed Spenders
12299,14,5,547.35,109.47,547.35,1,Loyal Steady Shoppers
12300,2,6,951.88,158.64666666666668,951.88,1,Loyal Steady Shoppers
12301,9,8,723.51,90.43875,723.51,1,Loyal Steady Shoppers
12302,3,13,7219.02,555.3092307692308,7219.02,3,Champions (High-Value VIPs)
12303,46,5,1085.31,217.06199999999998,1085.31,1,Loyal Steady Shoppers
12304,192,6,395.55,65.925,395.55,0,At-Risk / Lapsed Spenders
12305,7,11,6070.74,551.8854545454545,6070.74,3,Champions (High-Value VIPs)
12306,207,5,837.67,167.534,837.67,0,At-Risk / Lapsed Spenders
12307,60,2,88.92999999999999,44.464999999999996,88.92999999999999,2,Occasional / Low-Engagement Shoppers
12308,4,17,10015.31,589.1358823529412,10015.31,3,Champions (High-Value VIPs)
12309,255,2,24.08,12.04,24.08,2,Occasional / Low-Engagement Shoppers
12310,22,6,722.0,120.33333333333333,722.0,1,Loyal Steady Shoppers
12311,30,6,967.6899999999999,161.28166666666667,967.6899999999999,1,Loyal Steady Shoppers
12312,321,5,648.27,129.654,648.27,0,At-Risk / Lapsed Spenders
12313,19,5,887.52,177.504,887.52,1,Loyal Steady Shoppers
12314,4,18,8432.27,468.45944444444444,8432.27,3,Champions (High-Value VIPs)
12315,256,2,18.189999999999998,9.094999999999999,18.189999999999998,2,Occasional / Low-Engagement Shoppers
12316,314,7,880.49,125.78428571428572,880.49,0,At-Risk / Lapsed Spenders
12317,2,15,7561.38,504.092,7561.38,3,Champions (High-Value VIPs)
12318,404,7,711.4,101.62857142857142,711.4,0,At-Risk / Lapsed Spenders
12319,5,7,1261.35,180.19285714285712,1261.35,1,Loyal Steady Shoppers
12320,2,20,10863.12,543.1560000000001,10863.12,3,Champions (High-Value VIPs)
12321,2,7,657.36,93.90857142857143,657.36,1,Loyal Steady Shoppers
12322,6,15,7486.19,499.0793333333333,7486.19,3,Champions (High-Value VIPs)
12323,214,4,464.87,116.2175,464.87,0,At-Risk / Lapsed Spenders
12324,457,1,56.16,56.16,56.16,2,Occasional / Low-Engagement Shoppers
12325,5,8,4515.58,564.4475,4515.58,3,Champions (High-Value VIPs)
12326,247,7,1184.26,169.18,1184.26,0,At-Risk / Lapsed Spenders
12327,22,6,673.05,112.175,673.05,1,Loyal Steady Shoppers
12328,39,7,1119.02,159.85999999999999,1119.02,1,Loyal Steady Shoppers
12329,192,4,394.19,98.5475,394.19,0,At-Risk / Lapsed Spenders
12330,6,8,1120.72,140.09,1120.72,1,Loyal Steady Shoppers
12331,277,4,525.85,131.4625,525.85,0,At-Risk / Lapsed Spenders
12332,5,11,4631.81,421.0736363636364,4631.81,3,Champions (High-Value VIPs)
12333,73,5,806.1899999999999,161.238,806.1899999999999,0,At-Risk / Lapsed Spenders
12334,21,5,330.14000000000004,66.028,330.14000000000004,1,Loyal Steady Shoppers
12335,11,4,286.31,71.5775,286.31,1,Loyal Steady Shoppers
12336,9,20,11310.01,565.5005,11310.01,3,Champions (High-Value VIPs)
12337,5,6,908.77,151.46166666666667,908.77,1,Loyal Steady Shoppers
12338,2,19,8379.16,441.00842105263155,8379.16,3,Champions (High-Value VIPs)
12339,489,2,37.06,18.53,37.06,2,Occasional / Low-Engagement Shoppers
12340,655,2,102.68,51.34,102.68,2,Occasional / Low-Engagement Shoppers
12341,9,7,978.63,139.80428571428573,978.63,1,Loyal Steady Shoppers
12342,664,1,139.51,139.51,139.51,2,Occasional / Low-Engagement Shoppers
12343,261,5,771.12,154.224,771.12,0,At-Risk / Lapsed Spenders
12344,266,2,35.589999999999996,17.794999999999998,35.589999999999996,2,Occasional / Low-Engagement Shoppers
12345,1,8,715.08,89.385,715.08,1,Loyal Steady Shoppers
12346,208,7,930.57,132.93857142857144,930.57,0,At-Risk / Lapsed Spenders
12347,1,17,8268.64,486.3905882352941,8268.64,3,Champions (High-Value VIPs)
12348,33,8,694.25,86.78125,694.25,1,Loyal Steady Shoppers
12349,31,5,934.91,186.982,934.91,1,Loyal Steady Shoppers
12350,237,7,1088.01,155.43,1088.01,0,At-Risk / Lapsed Spenders
12351,39,6,900.86,150.14333333333335,900.86,1,Loyal Steady Shoppers
12352,7,16,5858.84,366.1775,5858.84,3,Champions (High-Value VIPs)
12353,50,6,940.39,156.73166666666665,940.39,1,Loyal Steady Shoppers
12354,32,5,965.62,193.124,965.62,1,Loyal Steady Shoppers
12355,15,2,20.04,10.02,20.04,2,Occasional / Low-Engagement Shoppers
12356,73,5,803.4,160.68,803.4,0,At-Risk / Lapsed Spenders
12357,7,6,613.46,102.24333333333334,613.46,1,Loyal Steady Shoppers
12358,211,2,116.84,58.42,116.84,2,Occasional / Low-Engagement Shoppers
12359,3,12,6903.23,575.2691666666666,6903.23,3,Champions (High-Value VIPs)
12360,58,2,91.69,45.845,91.69,2,Occasional / Low-Engagement Shoppers
12361,2,21,10146.84,483.18285714285713,10146.84,3,Champions (High-Value VIPs)
12362,217,5,943.84,188.768,943.84,0,At-Risk / Lapsed Spenders
12363,2,17,8182.11,481.3005882352941,8182.11,3,Champions (High-Value VIPs)
12364,12,4,492.7,123.175,492.7,1,Loyal Steady Shoppers
12365,10,8,1489.57,186.19625,1489.57,1,Loyal Steady Shoppers
12366,220,4,876.75,219.1875,876.75,0,At-Risk / Lapsed Spenders
12367,14,4,666.1700000000001,166.54250000000002,666.1700000000001,1,Loyal Steady Shoppers
12368,11,8,740.22,92.5275,740.22,1,Loyal Steady Shoppers
12369,13,5,428.09,85.618,428.09,1,Loyal Steady Shoppers
12370,49,8,1025.6499999999999,128.20624999999998,1025.6499999999999,1,Loyal Steady Shoppers
12371,69,2,36.58,18.29,36.58,2,Occasional / Low-Engagement Shoppers
12372,46,6,758.86,126.47666666666667,758.86,1,Loyal Steady Shoppers
12373,22,4,871.1,217.775,871.1,1,Loyal Steady Shoppers
12374,59,1,37.269999999999996,37.269999999999996,37.269999999999996,2,Occasional / Low-Engagement Shoppers
12375,3,15,8043.41,536.2273333333334,8043.41,3,Champions (High-Value VIPs)
12376,347,6,837.21,139.535,837.21,0,At-Risk / Lapsed Spenders
12377,1,19,9442.68,496.98315789473685,9442.68,3,Champions (High-Value VIPs)
12378,193,5,942.1899999999999,188.438,942.1899999999999,0,At-Risk / Lapsed Spenders
12379,242,2,67.05,33.525,67.05,2,Occasional / Low-Engagement Shoppers
12380,4,7,762.37,108.91,762.37,1,Loyal Steady Shoppers
12381,6,4,717.99,179.4975,717.99,1,Loyal Steady Shoppers
12382,6,14,6263.09,447.36357142857145,6263.09,3,Champions (High-Value VIPs)
12383,84,1,29.21,29.21,29.21,2,Occasional / Low-Engagement Shoppers
12384,30,5,766.5,153.3,766.5,1,Loyal Steady Shoppers
12385,2,14,6597.71,471.265,6597.71,3,Champions (High-Value VIPs)
12386,1,15,7107.14,473.80933333333337,7107.14,3,Champions (High-Value VIPs)
12387,163,2,203.68,101.84,203.68,2,Occasional / Low-Engagement Shoppers
12388,4,6,1062.72,177.12,1062.72,1,Loyal Steady Shoppers
12389,671,1,19.02,19.02,19.02,2,Occasional / Low-Engagement Shoppers
12390,237,7,892.41,127.48714285714286,892.41,0,At-Risk / Lapsed Spenders
12391,56,6,782.1,130.35,782.1,1,Loyal Steady Shoppers
12392,21,7,908.85,129.8357142857143,908.85,1,Loyal Steady Shoppers
12393,279,7,1365.83,195.1185714285714,1365.83,0,At-Risk / Lapsed Spenders
12394,41,5,813.74,162.748,813.74,1,Loyal Steady Shoppers
12395,21,7,1263.4,180.4857142857143,1263.4,1,Loyal Steady Shoppers
12396,236,4,625.0,156.25,625.0,0,At-Risk / Lapsed Spenders
12397,4,16,5367.96,335.4975,5367.96,3,Champions (High-Value VIPs)
12398,77,1,43.8,43.8,43.8,2,Occasional / Low-Engagement Shoppers
12399,161,5,962.6899999999999,192.53799999999998,962.6899999999999,0,At-Risk / Lapsed Spenders
12400,315,2,11.629999999999999,5.8149999999999995,11.629999999999999,2,Occasional / Low-Engagement Shoppers
12401,215,4,501.8,125.45,501.8,0,At-Risk / Lapsed Spenders
12402,28,4,449.49,112.3725,449.49,1,Loyal Steady Shoppers
12403,294,2,8.809999999999999,4.404999999999999,8.809999999999999,2,Occasional / Low-Engagement Shoppers
12404,11,6,768.5,128.08333333333334,768.5,1,Loyal Steady Shoppers
12405,444,1,17.84,17.84,17.84,2,Occasional / Low-Engagement Shoppers
12406,1,10,6167.16,616.716,6167.16,3,Champions (High-Value VIPs)
12407,65,1,17.34,17.34,17.34,2,Occasional / Low-Engagement Shoppers
12408,175,6,755.6,125.93333333333334,755.6,0,At-Risk / Lapsed Spenders
12409,1,19,9647.13,507.7436842105263,9647.13,3,Champions (High-Value VIPs)
12410,78,2,59.019999999999996,29.509999999999998,59.019999999999996,2,Occasional / Low-Engagement Shoppers
12411,45,4,732.4799999999999,183.11999999999998,732.4799999999999,1,Loyal Steady Shoppers
12412,385,4,399.46,99.865,399.46,0,At-Risk / Lapsed Spenders
12413,51,8,1571.24,196.405,1571.24,1,Loyal Steady Shoppers
12414,281,2,23.09,11.545,23.09,2,Occasional / Low-Engagement Shoppers
12415,58,7,655.84,93.69142857142857,655.84,1,Loyal Steady Shoppers
12416,2,11,4498.86,408.9872727272727,4498.86,3,Champions (High-Value VIPs)
12417,13,4,157.5,39.375,157.5,1,Loyal Steady Shoppers
12418,500,1,56.45,56.45,56.45,2,Occasional / Low-Engagement Shoppers
12419,226,6,802.53,133.755,802.53,0,At-Risk / Lapsed Spenders
12420,4,17,7326.19,430.95235294117646,7326.19,3,Champions (High-Value VIPs)
12421,57,8,1373.05,171.63125,1373.05,1,Loyal Steady Shoppers
12422,1,18,6994.9800000000005,388.61,6994.9800000000005,3,Champions (High-Value VIPs)
12423,3,15,6531.86,435.45733333333334,6531.86,3,Champions (High-Value VIPs)
12424,161,5,886.35,177.27,886.35,0,At-Risk / Lapsed Spenders
12425,1,15,7564.36,504.29066666666665,7564.36,3,Champions (High-Value VIPs)
12426,2,6,1135.92,189.32000000000002,1135.92,1,Loyal Steady Shoppers
12427,20,5,610.73,122.146,610.73,1,Loyal Steady Shoppers
12428,2,17,9078.63,534.0370588235294,9078.63,3,Champions (High-Value VIPs)
12429,292,6,818.35,136.39166666666668,818.35,0,At-Risk / Lapsed Spenders
12430,230,2,150.51999999999998,75.25999999999999,150.51999999999998,2,Occasional / Low-Engagement Shoppers
12431,218,6,682.53,113.755,682.53,0,At-Risk / Lapsed Spenders
12432,42,7,844.37,120.62428571428572,844.37,1,Loyal Steady Shoppers
12433,14,7,849.02,121.28857142857143,849.02,1,Loyal Steady Shoppers
12434,304,2,26.82,13.41,26.82,2,Occasional / Low-Engagement Shoppers
12435,34,8,896.41,112.05125,896.41,1,Loyal Steady Shoppers
12436,171,4,598.53,149.6325,598.53,0,At-Risk / Lapsed Spenders
12437,4,15,7371.2699999999995,491.41799999999995,7371.2699999999995,3,Champions (High-Value VIPs)
12438,277,1,122.28,122.28,122.28,2,Occasional / Low-Engagement Shoppers
12439,1,20,8811.35,440.5675,8811.35,3,Champions (High-Value VIPs)
12440,11,8,1131.96,141.495,1131.96,1,Loyal Steady Shoppers
12441,4,16,7975.71,498.481875,7975.71,3,Champions (High-Value VIPs)
12442,121,1,32.879999999999995,32.879999999999995,32.879999999999995,2,Occasional / Low-Engagement Shoppers
12443,348,5,900.15,180.03,900.15,0,At-Risk / Lapsed Spenders
12444,9,8,3691.14,461.3925,3691.14,1,Loyal Steady Shoppers
12445,260,1,37.32000000000001,37.32000000000001,37.32000000000001,2,Occasional / Low-Engagement Shoppers
12446,165,1,7.88,7.88,7.88,2,Occasional / Low-Engagement Shoppers
12447,214,7,1328.58,189.79714285714286,1328.58,0,At-Risk / Lapsed Spenders
12448,6,5,886.59,177.318,886.59,1,Loyal Steady Shoppers
12449,5,11,4739.99,430.9081818181818,4739.99,3,Champions (High-Value VIPs)
12450,42,6,1250.34,208.39,1250.34,1,Loyal Steady Shoppers
12451,5,5,932.56,186.512,932.56,1,Loyal Steady Shoppers
12452,4,4,317.33,79.3325,317.33,1,Loyal Steady Shoppers
12453,139,2,164.9,82.45,164.9,2,Occasional / Low-Engagement Shoppers
12454,29,5,892.05,178.41,892.05,1,Loyal Steady Shoppers
12455,420,3,246.09,82.03,246.09,0,At-Risk / Lapsed Spenders
12456,286,6,1353.19,225.53166666666667,1353.19,0,At-Risk / Lapsed Spenders
12457,184,4,319.11,79.7775,319.11,0,At-Risk / Lapsed Spenders
12458,15,5,1453.8899999999999,290.77799999999996,1453.8899999999999,1,Loyal Steady Shoppers
12459,41,2,58.21,29.105,58.21,2,Occasional / Low-Engagement Shoppers
12460,196,2,127.41,63.705,127.41,2,Occasional / Low-Engagement Shoppers
12461,555,1,28.98,28.98,28.98,2,Occasional / Low-Engagement Shoppers
12462,9,6,959.89,159.98166666666665,959.89,1,Loyal Steady Shoppers
12463,23,7,853.24,121.89142857142858,853.24,1,Loyal Steady Shoppers
12464,208,6,749.91,124.985,749.91,0,At-Risk / Lapsed Spenders
12465,2,14,6763.05,483.075,6763.05,3,Champions (High-Value VIPs)
12466,197,2,56.089999999999996,28.044999999999998,56.089999999999996,2,Occasional / Low-Engagement Shoppers
12467,3,5,983.75,196.75,983.75,1,Loyal Steady Shoppers
12468,2,21,10341.15,492.43571428571425,10341.15,3,Champions (High-Value VIPs)
12469,3,13,5492.76,422.52000000000004,5492.76,3,Champions (High-Value VIPs)
12470,13,6,658.77,109.795,658.77,1,Loyal Steady Shoppers
12471,323,4,213.6,53.4,213.6,0,At-Risk / Lapsed Spenders
12472,25,7,906.5699999999999,129.51,906.5699999999999,1,Loyal Steady Shoppers
12473,3,21,13352.36,635.8266666666667,13352.36,3,Champions (High-Value VIPs)
12474,658,2,82.38,41.19,82.38,2,Occasional / Low-Engagement Shoppers
12475,223,7,622.08,88.86857142857143,622.08,0,At-Risk / Lapsed Spenders
12476,30,8,760.15,95.01875,760.15,1,Loyal Steady Shoppers
12477,3,5,939.0600000000001,187.812,939.0600000000001,1,Loyal Steady Shoppers
12478,168,5,652.51,130.502,652.51,0,At-Risk / Lapsed Spenders
12479,17,5,909.13,181.826,909.13,1,Loyal Steady Shoppers
12480,2,20,10385.6,519.28,10385.6,3,Champions (High-Value VIPs)
12481,17,5,574.56,114.91199999999999,574.56,1,Loyal Steady Shoppers
12482,6,8,1090.55,136.31875,1090.55,1,Loyal Steady Shoppers
12483,303,2,40.54,20.27,40.54,2,Occasional / Low-Engagement Shoppers
12484,329,4,595.45,148.8625,595.45,0,At-Risk / Lapsed Spenders
12485,542,3,517.95,172.65,517.95,0,At-Risk / Lapsed Spenders
12486,456,1,57.75,57.75,57.75,2,Occasional / Low-Engagement Shoppers
12487,6,14,6925.36,494.6685714285714,6925.36,3,Champions (High-Value VIPs)
12488,453,3,492.07,164.02333333333334,492.07,0,At-Risk / Lapsed Spenders
12489,43,5,817.67,163.534,817.67,1,Loyal Steady Shoppers
12490,21,4,894.25,223.5625,894.25,1,Loyal Steady Shoppers
12491,2,8,4097.2,512.15,4097.2,3,Champions (High-Value VIPs)
12493,295,5,614.58,122.91600000000001,614.58,0,At-Risk / Lapsed Spenders
12494,25,6,770.27,128.37833333333333,770.27,1,Loyal Steady Shoppers
12495,382,2,32.42,16.21,32.42,2,Occasional / Low-Engagement Shoppers
12496,1,7,850.19,121.4557142857143,850.19,1,Loyal Steady Shoppers
12497,31,6,923.13,153.855,923.13,1,Loyal Steady Shoppers
12498,643,1,136.08,136.08,136.08,2,Occasional / Low-Engagement Shoppers
12499,533,1,25.85,25.85,25.85,2,Occasional / Low-Engagement Shoppers
12500,4,7,1189.02,169.85999999999999,1189.02,1,Loyal Steady Shoppers
12501,485,1,5.6,5.6,5.6,2,Occasional / Low-Engagement Shoppers
12502,42,2,43.0,21.5,43.0,2,Occasional / Low-Engagement Shoppers
12503,394,3,209.05,69.68333333333334,209.05,0,At-Risk / Lapsed Spenders
12504,15,7,837.8199999999999,119.68857142857142,837.8199999999999,1,Loyal Steady Shoppers
12505,33,6,735.57,122.59500000000001,735.57,1,Loyal Steady Shoppers
12506,371,2,42.87,21.435,42.87,2,Occasional / Low-Engagement Shoppers
12507,447,1,29.62,29.62,29.62,2,Occasional / Low-Engagement Shoppers
12508,3,5,617.5,123.5,617.5,1,Loyal Steady Shoppers
12509,319,1,30.4,30.4,30.4,2,Occasional / Low-Engagement Shoppers
12510,168,4,471.82,117.955,471.82,0,At-Risk / Lapsed Spenders
12511,553,1,27.120000000000005,27.120000000000005,27.120000000000005,2,Occasional / Low-Engagement Shoppers
12512,155,1,19.04,19.04,19.04,2,Occasional / Low-Engagement Shoppers
12513,125,2,90.08,45.04,90.08,2,Occasional / Low-Engagement Shoppers
12514,38,6,1592.02,265.33666666666664,1592.02,1,Loyal Steady Shoppers
12515,7,17,8228.46,484.0270588235294,8228.46,3,Champions (High-Value VIPs)
12516,79,7,853.11,121.87285714285714,853.11,0,At-Risk / Lapsed Spenders
12517,1,10,5908.0,590.8,5908.0,3,Champions (High-Value VIPs)
12518,20,5,1066.95,213.39000000000001,1066.95,1,Loyal Steady Shoppers
12519,3,11,5589.54,508.14,5589.54,3,Champions (High-Value VIPs)
12520,204,3,171.12,57.04,171.12,0,At-Risk / Lapsed Spenders
12521,25,8,1177.22,147.1525,1177.22,1,Loyal Steady Shoppers
12522,638,1,14.97,14.97,14.97,2,Occasional / Low-Engagement Shoppers
12523,29,7,1170.19,167.17000000000002,1170.19,1,Loyal Steady Shoppers
12524,361,1,69.75,69.75,69.75,2,Occasional / Low-Engagement Shoppers
12525,41,2,89.86,44.93,89.86,2,Occasional / Low-Engagement Shoppers
12526,348,1,34.32,34.32,34.32,2,Occasional / Low-Engagement Shoppers
12527,104,2,48.660000000000004,24.330000000000002,48.660000000000004,2,Occasional / Low-Engagement Shoppers
12528,8,2,138.92,69.46,138.92,1,Loyal Steady Shoppers
12529,7,8,1108.58,138.5725,1108.58,1,Loyal Steady Shoppers
12530,163,2,63.56999999999999,31.784999999999997,63.56999999999999,2,Occasional / Low-Engagement Shoppers
12531,458,1,32.71,32.71,32.71,2,Occasional / Low-Engagement Shoppers
12532,10,7,1000.55,142.93571428571428,1000.55,1,Loyal Steady Shoppers
12533,5,8,1291.8799999999999,161.48499999999999,1291.8799999999999,1,Loyal Steady Shoppers
12534,4,6,1004.0,167.33333333333334,1004.0,1,Loyal Steady Shoppers
12535,22,5,979.47,195.894,979.47,1,Loyal Steady Shoppers
12536,2,9,5387.55,598.6166666666667,5387.55,3,Champions (High-Value VIPs)
12537,156,2,62.160000000000004,31.080000000000002,62.160000000000004,2,Occasional / Low-Engagement Shoppers
12538,44,7,1760.75,251.53571428571428,1760.75,1,Loyal Steady Shoppers
12539,9,8,943.92,117.99,943.92,1,Loyal Steady Shoppers
12540,153,2,62.42,31.21,62.42,2,Occasional / Low-Engagement Shoppers
12541,21,6,904.13,150.68833333333333,904.13,1,Loyal Steady Shoppers
12542,94,2,57.519999999999996,28.759999999999998,57.519999999999996,2,Occasional / Low-Engagement Shoppers
12543,215,5,617.8100000000001,123.56200000000001,617.8100000000001,0,At-Risk / Lapsed Spenders
12544,435,1,51.36,51.36,51.36,2,Occasional / Low-Engagement Shoppers
12545,466,1,82.0,82.0,82.0,2,Occasional / Low-Engagement Shoppers
12546,207,5,511.78,102.356,511.78,0,At-Risk / Lapsed Spenders
12547,21,7,1188.1100000000001,169.73000000000002,1188.1100000000001,1,Loyal Steady Shoppers
12548,51,7,1138.85,162.69285714285712,1138.85,1,Loyal Steady Shoppers
12549,621,2,143.34,71.67,143.34,2,Occasional / Low-Engagement Shoppers
12550,5,9,5086.89,565.21,5086.89,3,Champions (High-Value VIPs)
12551,158,2,55.41,27.705,55.41,2,Occasional / Low-Engagement Shoppers
12552,283,2,50.43000000000001,25.215000000000003,50.43000000000001,2,Occasional / Low-Engagement Shoppers
12553,12,7,1611.21,230.17285714285714,1611.21,1,Loyal Steady Shoppers
12554,422,3,430.12,143.37333333333333,430.12,0,At-Risk / Lapsed Spenders
12555,346,2,25.11,12.555,25.11,2,Occasional / Low-Engagement Shoppers
12556,27,8,1138.44,142.305,1138.44,1,Loyal Steady Shoppers
12557,167,5,733.8499999999999,146.76999999999998,733.8499999999999,0,At-Risk / Lapsed Spenders
12558,2,15,7074.48,471.63199999999995,7074.48,3,Champions (High-Value VIPs)
12559,7,8,1227.46,153.4325,1227.46,1,Loyal Steady Shoppers
12560,114,2,123.55000000000001,61.775000000000006,123.55000000000001,2,Occasional / Low-Engagement Shoppers
12561,90,2,129.19,64.595,129.19,2,Occasional / Low-Engagement Shoppers
12562,301,5,473.58,94.716,473.58,0,At-Risk / Lapsed Spenders
12563,2,19,9827.85,517.2552631578948,9827.85,3,Champions (High-Value VIPs)
12564,1,8,1101.62,137.7025,1101.62,1,Loyal Steady Shoppers
12565,673,1,24.939999999999998,24.939999999999998,24.939999999999998,2,Occasional / Low-Engagement Shoppers
12566,1,21,9719.44,462.8304761904762,9719.44,3,Champions (High-Value VIPs)
12567,277,4,745.79,186.4475,745.79,0,At-Risk / Lapsed Spenders
12568,568,1,133.12,133.12,133.12,2,Occasional / Low-Engagement Shoppers
12569,59,5,886.7,177.34,886.7,0,At-Risk / Lapsed Spenders
12570,335,2,182.56,91.28,182.56,2,Occasional / Low-Engagement Shoppers
12571,390,5,871.59,174.318,871.59,0,At-Risk / Lapsed Spenders
12572,16,5,482.2,96.44,482.2,1,Loyal Steady Shoppers
12573,407,2,20.060000000000002,10.030000000000001,20.060000000000002,2,Occasional / Low-Engagement Shoppers
12574,60,2,40.19,20.095,40.19,2,Occasional / Low-Engagement Shoppers
12575,329,2,52.919999999999995,26.459999999999997,52.919999999999995,2,Occasional / Low-Engagement Shoppers
12576,585,3,286.82,95.60666666666667,286.82,0,At-Risk / Lapsed Spenders
12577,169,4,301.53,75.3825,301.53,0,At-Risk / Lapsed Spenders
12578,18,5,559.09,111.81800000000001,559.09,1,Loyal Steady Shoppers
12579,272,1,31.93,31.93,31.93,2,Occasional / Low-Engagement Shoppers
12580,159,2,58.629999999999995,29.314999999999998,58.629999999999995,2,Occasional / Low-Engagement Shoppers
12581,11,7,1390.6399999999999,198.66285714285712,1390.6399999999999,1,Loyal Steady Shoppers
12582,43,6,1339.54,223.25666666666666,1339.54,1,Loyal Steady Shoppers
12583,182,2,40.39,20.195,40.39,2,Occasional / Low-Engagement Shoppers
12584,6,12,6380.09,531.6741666666667,6380.09,3,Champions (High-Value VIPs)
12585,274,7,687.79,98.25571428571428,687.79,0,At-Risk / Lapsed Spenders
12586,210,4,212.6,53.15,212.6,0,At-Risk / Lapsed Spenders
12587,175,6,1037.54,172.92333333333332,1037.54,0,At-Risk / Lapsed Spenders
12588,312,1,3.4,3.4,3.4,2,Occasional / Low-Engagement Shoppers
12589,107,2,36.77,18.385,36.77,2,Occasional / Low-Engagement Shoppers
12590,144,2,83.11,41.555,83.11,2,Occasional / Low-Engagement Shoppers
12591,213,3,297.34000000000003,99.11333333333334,297.34000000000003,0,At-Risk / Lapsed Spenders
12592,1,20,9797.0,489.85,9797.0,3,Champions (High-Value VIPs)
12593,232,6,681.27,113.545,681.27,0,At-Risk / Lapsed Spenders
12594,5,7,916.75,130.96428571428572,916.75,1,Loyal Steady Shoppers
12595,7,17,8545.5,502.6764705882353,8545.5,3,Champions (High-Value VIPs)
12596,2,6,1125.2,187.53333333333333,1125.2,1,Loyal Steady Shoppers
12597,6,20,10137.65,506.8825,10137.65,3,Champions (High-Value VIPs)
12598,664,2,91.07,45.535,91.07,2,Occasional / Low-Engagement Shoppers
12599,7,2,175.26000000000002,87.63000000000001,175.26000000000002,1,Loyal Steady Shoppers
12600,612,2,57.38,28.69,57.38,2,Occasional / Low-Engagement Shoppers
12601,4,12,4474.0199999999995,372.835,4474.0199999999995,3,Champions (High-Value VIPs)
12602,12,5,692.43,138.486,692.43,1,Loyal Steady Shoppers
12603,197,6,774.21,129.035,774.21,0,At-Risk / Lapsed Spenders
12604,10,5,693.99,138.798,693.99,1,Loyal Steady Shoppers
12605,23,7,1095.49,156.49857142857144,1095.49,1,Loyal Steady Shoppers
12606,20,8,1278.43,159.80375,1278.43,1,Loyal Steady Shoppers
12607,275,5,485.11,97.022,485.11,0,At-Risk / Lapsed Spenders
12608,1,19,12718.2,669.3789473684211,12718.2,3,Champions (High-Value VIPs)
12609,202,5,812.26,162.452,812.26,0,At-Risk / Lapsed Spenders
12610,319,1,14.2,14.2,14.2,2,Occasional / Low-Engagement Shoppers
12611,2,7,892.5,127.5,892.5,1,Loyal Steady Shoppers
12612,11,8,1288.26,161.0325,1288.26,1,Loyal Steady Shoppers
12613,51,8,908.22,113.5275,908.22,1,Loyal Steady Shoppers
12614,597,1,129.97,129.97,129.97,2,Occasional / Low-Engagement Shoppers
12615,98,2,49.43,24.715,49.43,2,Occasional / Low-Engagement Shoppers
12616,1,6,951.5,158.58333333333334,951.5,1,Loyal Steady Shoppers
12617,309,5,743.69,148.738,743.69,0,At-Risk / Lapsed Spenders
12618,177,2,15.93,7.965,15.93,2,Occasional / Low-Engagement Shoppers
12619,173,2,167.95,83.975,167.95,2,Occasional / Low-Engagement Shoppers
12620,255,2,82.85000000000001,41.425000000000004,82.85000000000001,2,Occasional / Low-Engagement Shoppers
12621,588,1,38.43,38.43,38.43,2,Occasional / Low-Engagement Shoppers
12622,351,1,20.21,20.21,20.21,2,Occasional / Low-Engagement Shoppers
12623,4,18,8265.51,459.195,8265.51,3,Champions (High-Value VIPs)
12624,513,1,14.260000000000002,14.260000000000002,14.260000000000002,2,Occasional / Low-Engagement Shoppers
12625,613,1,7.709999999999999,7.709999999999999,7.709999999999999,2,Occasional / Low-Engagement Shoppers
12626,2,10,4931.25,493.125,4931.25,3,Champions (High-Value VIPs)
12627,167,4,414.14,103.535,414.14,0,At-Risk / Lapsed Spenders
12628,12,4,689.9100000000001,172.47750000000002,689.9100000000001,1,Loyal Steady Shoppers
12629,2,14,6626.21,473.30071428571426,6626.21,3,Champions (High-Value VIPs)
12630,6,8,1055.56,131.945,1055.56,1,Loyal Steady Shoppers
12631,3,8,1060.3,132.5375,1060.3,1,Loyal Steady Shoppers
12632,2,19,9174.82,482.8852631578947,9174.82,3,Champions (High-Value VIPs)
12633,7,7,787.95,112.56428571428572,787.95,1,Loyal Steady Shoppers
12634,232,7,868.76,124.10857142857142,868.76,0,At-Risk / Lapsed Spenders
12635,255,3,179.22,59.74,179.22,0,At-Risk / Lapsed Spenders
12636,203,1,73.58999999999999,73.58999999999999,73.58999999999999,2,Occasional / Low-Engagement Shoppers
12637,15,7,806.28,115.18285714285715,806.28,1,Loyal Steady Shoppers
12638,6,8,856.73,107.09125,856.73,1,Loyal Steady Shoppers
12639,1,12,4882.3099999999995,406.8591666666666,4882.3099999999995,3,Champions (High-Value VIPs)
12640,210,3,302.18,100.72666666666667,302.18,0,At-Risk / Lapsed Spenders
12641,249,7,571.62,81.66,571.62,0,At-Risk / Lapsed Spenders
12642,6,4,567.6600000000001,141.91500000000002,567.6600000000001,1,Loyal Steady Shoppers
12643,3,19,9664.1,508.63684210526316,9664.1,3,Champions (High-Value VIPs)
12644,6,8,3138.9500000000003,392.36875000000003,3138.9500000000003,1,Loyal Steady Shoppers
12645,17,5,702.89,140.578,702.89,1,Loyal Steady Shoppers
12646,291,7,529.12,75.58857142857143,529.12,0,At-Risk / Lapsed Spenders
12647,13,2,11.56,5.78,11.56,2,Occasional / Low-Engagement Shoppers
12648,41,8,1220.99,152.62375,1220.99,1,Loyal Steady Shoppers
12649,242,6,584.88,97.48,584.88,0,At-Risk / Lapsed Spenders
12650,4,14,6650.45,475.03214285714284,6650.45,3,Champions (High-Value VIPs)
12651,1,9,5179.36,575.4844444444444,5179.36,3,Champions (High-Value VIPs)
12652,490,2,25.72,12.86,25.72,2,Occasional / Low-Engagement Shoppers
12653,654,1,8.1,8.1,8.1,2,Occasional / Low-Engagement Shoppers
12654,40,5,603.56,120.71199999999999,603.56,1,Loyal Steady Shoppers
12655,15,10,4273.73,427.37299999999993,4273.73,3,Champions (High-Value VIPs)
12656,274,5,601.84,120.36800000000001,601.84,0,At-Risk / Lapsed Spenders
12657,51,6,1018.27,169.71166666666667,1018.27,1,Loyal Steady Shoppers
12658,206,5,472.36,94.47200000000001,472.36,0,At-Risk / Lapsed Spenders
12659,11,12,5179.39,431.61583333333334,5179.39,3,Champions (High-Value VIPs)
12660,32,7,755.26,107.89428571428572,755.26,1,Loyal Steady Shoppers
12661,94,2,34.980000000000004,17.490000000000002,34.980000000000004,2,Occasional / Low-Engagement Shoppers
12662,415,1,30.509999999999998,30.509999999999998,30.509999999999998,2,Occasional / Low-Engagement Shoppers
12663,20,6,816.01,136.00166666666667,816.01,1,Loyal Steady Shoppers
12664,184,6,699.49,116.58166666666666,699.49,0,At-Risk / Lapsed Spenders
12665,283,7,918.04,131.14857142857142,918.04,0,At-Risk / Lapsed Spenders
12666,46,4,540.35,135.0875,540.35,1,Loyal Steady Shoppers
12667,297,1,11.48,11.48,11.48,2,Occasional / Low-Engagement Shoppers
12668,4,5,495.3,99.06,495.3,1,Loyal Steady Shoppers
12669,1,10,5480.94,548.0939999999999,5480.94,3,Champions (High-Value VIPs)
12670,12,7,1110.41,158.63000000000002,1110.41,1,Loyal Steady Shoppers
12671,481,1,44.800000000000004,44.800000000000004,44.800000000000004,2,Occasional / Low-Engagement Shoppers
12672,214,1,71.1,71.1,71.1,2,Occasional / Low-Engagement Shoppers
12673,45,7,728.15,104.02142857142857,728.15,1,Loyal Steady Shoppers
12674,674,1,7.54,7.54,7.54,2,Occasional / Low-Engagement Shoppers
12675,19,1,10.45,10.45,10.45,2,Occasional / Low-Engagement Shoppers
12676,14,6,478.43,79.73833333333333,478.43,1,Loyal Steady Shoppers
12677,49,6,1019.64,169.94,1019.64,1,Loyal Steady Shoppers
12678,171,1,64.08,64.08,64.08,2,Occasional / Low-Engagement Shoppers
12679,5,7,1091.3999999999999,155.91428571428568,1091.3999999999999,1,Loyal Steady Shoppers
12680,30,2,63.27,31.635,63.27,2,Occasional / Low-Engagement Shoppers
12681,165,3,261.03000000000003,87.01,261.03000000000003,0,At-Risk / Lapsed Spenders
12682,9,2,53.46,26.73,53.46,2,Occasional / Low-Engagement Shoppers
12683,243,1,22.09,22.09,22.09,2,Occasional / Low-Engagement Shoppers
12684,5,7,627.5799999999999,89.6542857142857,627.5799999999999,1,Loyal Steady Shoppers
12685,22,2,56.69,28.345,56.69,2,Occasional / Low-Engagement Shoppers
12686,404,2,37.3,18.65,37.3,2,Occasional / Low-Engagement Shoppers
12687,9,7,1205.42,172.20285714285714,1205.42,1,Loyal Steady Shoppers
12688,2,5,392.62,78.524,392.62,1,Loyal Steady Shoppers
12689,47,7,1683.22,240.46,1683.22,1,Loyal Steady Shoppers
12690,6,5,862.1,172.42000000000002,862.1,1,Loyal Steady Shoppers
12691,70,2,48.8,24.4,48.8,2,Occasional / Low-Engagement Shoppers
12692,161,5,457.95,91.59,457.95,0,At-Risk / Lapsed Spenders
12693,525,1,8.4,8.4,8.4,2,Occasional / Low-Engagement Shoppers
12694,499,2,19.35,9.675,19.35,2,Occasional / Low-Engagement Shoppers
12695,12,8,1076.0,134.5,1076.0,1,Loyal Steady Shoppers
12696,1,7,1550.21,221.45857142857145,1550.21,1,Loyal Steady Shoppers
12697,6,6,537.6,89.60000000000001,537.6,1,Loyal Steady Shoppers
12698,4,7,700.0,100.0,700.0,1,Loyal Steady Shoppers
12699,255,6,927.14,154.52333333333334,927.14,0,At-Risk / Lapsed Spenders
12700,28,8,1094.62,136.8275,1094.62,1,Loyal Steady Shoppers
12701,6,11,4939.43,449.03909090909093,4939.43,3,Champions (High-Value VIPs)
12702,162,6,515.72,85.95333333333333,515.72,0,At-Risk / Lapsed Spenders
12703,513,2,137.99,68.995,137.99,2,Occasional / Low-Engagement Shoppers
12704,200,7,682.74,97.53428571428572,682.74,0,At-Risk / Lapsed Spenders
12705,18,8,1302.15,162.76875,1302.15,1,Loyal Steady Shoppers
12706,8,8,1200.8899999999999,150.11124999999998,1200.8899999999999,1,Loyal Steady Shoppers
12707,238,5,624.64,124.928,624.64,0,At-Risk / Lapsed Spenders
12708,1,18,7815.96,434.22,7815.96,3,Champions (High-Value VIPs)
12709,5,4,841.34,210.335,841.34,1,Loyal Steady Shoppers
12710,27,8,1200.51,150.06375,1200.51,1,Loyal Steady Shoppers
12711,7,13,7697.2699999999995,592.0976923076922,7697.2699999999995,3,Champions (High-Value VIPs)
12712,603,1,82.62,82.62,82.62,2,Occasional / Low-Engagement Shoppers
12713,2,16,7291.81,455.738125,7291.81,3,Champions (High-Value VIPs)
12714,207,3,277.12,92.37333333333333,277.12,0,At-Risk / Lapsed Spenders
12715,51,8,869.41,108.67625,869.41,1,Loyal Steady Shoppers
12716,7,7,822.06,117.43714285714285,822.06,1,Loyal Steady Shoppers
12717,1,14,8536.89,609.7778571428571,8536.89,3,Champions (High-Value VIPs)
12718,53,8,1459.17,182.39625,1459.17,1,Loyal Steady Shoppers
12719,15,7,629.05,89.86428571428571,629.05,1,Loyal Steady Shoppers
12720,210,1,85.10000000000001,85.10000000000001,85.10000000000001,2,Occasional / Low-Engagement Shoppers
12721,199,7,865.4,123.62857142857142,865.4,0,At-Risk / Lapsed Spenders
12722,694,1,28.459999999999997,28.459999999999997,28.459999999999997,2,Occasional / Low-Engagement Shoppers
12723,371,6,374.35,62.39166666666667,374.35,0,At-Risk / Lapsed Spenders
12724,119,2,36.74,18.37,36.74,2,Occasional / Low-Engagement Shoppers
12725,20,7,1013.06,144.72285714285712,1013.06,1,Loyal Steady Shoppers
12726,589,1,30.32,30.32,30.32,2,Occasional / Low-Engagement Shoppers
12727,5,13,6361.56,489.3507692307693,6361.56,3,Champions (High-Value VIPs)
12728,188,5,438.61,87.72200000000001,438.61,0,At-Risk / Lapsed Spenders
12729,47,5,650.56,130.112,650.56,1,Loyal Steady Shoppers
12730,26,6,510.38,85.06333333333333,510.38,1,Loyal Steady Shoppers
12731,5,14,7095.59,506.82785714285717,7095.59,3,Champions (High-Value VIPs)
12732,38,1,11.870000000000001,11.870000000000001,11.870000000000001,2,Occasional / Low-Engagement Shoppers
12733,217,2,35.47,17.735,35.47,2,Occasional / Low-Engagement Shoppers
12734,4,2,111.69,55.845,111.69,1,Loyal Steady Shoppers
12735,270,5,803.18,160.636,803.18,0,At-Risk / Lapsed Spenders
12736,593,1,42.87,42.87,42.87,2,Occasional / Low-Engagement Shoppers
12737,52,4,460.82,115.205,460.82,0,At-Risk / Lapsed Spenders
12738,133,2,84.57,42.285,84.57,2,Occasional / Low-Engagement Shoppers
12739,46,2,26.5,13.25,26.5,2,Occasional / Low-Engagement Shoppers
12740,34,2,69.48,34.74,69.48,2,Occasional / Low-Engagement Shoppers
12741,186,3,494.37000000000006,164.79000000000002,494.37000000000006,0,At-Risk / Lapsed Spenders
12742,37,5,344.36,68.872,344.36,1,Loyal Steady Shoppers
12743,2,8,704.14,88.0175,704.14,1,Loyal Steady Shoppers
12744,17,7,830.77,118.68142857142857,830.77,1,Loyal Steady Shoppers
12745,28,7,1031.8700000000001,147.41000000000003,1031.8700000000001,1,Loyal Steady Shoppers
12746,41,7,848.67,121.23857142857142,848.67,1,Loyal Steady Shoppers
12747,344,6,1063.88,177.31333333333336,1063.88,0,At-Risk / Lapsed Spenders
12748,331,3,261.98,87.32666666666667,261.98,0,At-Risk / Lapsed Spenders
12749,32,5,574.51,114.902,574.51,1,Loyal Steady Shoppers
12750,254,4,230.43,57.6075,230.43,0,At-Risk / Lapsed Spenders
12751,11,8,3713.58,464.1975,3713.58,1,Loyal Steady Shoppers
12752,10,8,1143.79,142.97375,1143.79,1,Loyal Steady Shoppers
12753,164,7,736.98,105.28285714285714,736.98,0,At-Risk / Lapsed Spenders
12754,307,3,285.56,95.18666666666667,285.56,0,At-Risk / Lapsed Spenders
12755,159,1,21.24,21.24,21.24,2,Occasional / Low-Engagement Shoppers
12756,187,1,1.65,1.65,1.65,2,Occasional / Low-Engagement Shoppers
12757,59,8,710.58,88.8225,710.58,1,Loyal Steady Shoppers
12758,324,5,979.9,195.98,979.9,0,At-Risk / Lapsed Spenders
12759,7,6,576.91,96.15166666666666,576.91,1,Loyal Steady Shoppers
12760,8,8,3870.76,483.845,3870.76,1,Loyal Steady Shoppers
12761,8,5,621.8,124.35999999999999,621.8,1,Loyal Steady Shoppers
12762,35,6,829.01,138.16833333333332,829.01,1,Loyal Steady Shoppers
12763,22,7,1321.11,188.73,1321.11,1,Loyal Steady Shoppers
12764,674,1,12.96,12.96,12.96,2,Occasional / Low-Engagement Shoppers
12765,8,7,830.7900000000001,118.68428571428572,830.7900000000001,1,Loyal Steady Shoppers
12766,171,1,79.33999999999999,79.33999999999999,79.33999999999999,2,Occasional / Low-Engagement Shoppers
12767,12,6,968.8299999999999,161.47166666666666,968.8299999999999,1,Loyal Steady Shoppers
12768,37,4,549.27,137.3175,549.27,1,Loyal Steady Shoppers
12769,56,5,1138.4,227.68,1138.4,1,Loyal Steady Shoppers
12770,11,2,43.64,21.82,43.64,2,Occasional / Low-Engagement Shoppers
12771,189,3,641.67,213.89,641.67,0,At-Risk / Lapsed Spenders
12772,4,2,167.15,83.575,167.15,1,Loyal Steady Shoppers
12773,112,1,117.73,117.73,117.73,2,Occasional / Low-Engagement Shoppers
12774,5,12,6931.73,577.6441666666666,6931.73,3,Champions (High-Value VIPs)
12775,560,1,2.58,2.58,2.58,2,Occasional / Low-Engagement Shoppers
12776,533,2,50.82,25.41,50.82,2,Occasional / Low-Engagement Shoppers
12777,17,8,931.61,116.45125,931.61,1,Loyal Steady Shoppers
12778,165,5,850.7,170.14000000000001,850.7,0,At-Risk / Lapsed Spenders
12779,112,2,40.59,20.295,40.59,2,Occasional / Low-Engagement Shoppers
12780,35,4,729.82,182.455,729.82,1,Loyal Steady Shoppers
12781,426,2,33.65,16.825,33.65,2,Occasional / Low-Engagement Shoppers
12782,237,1,160.59,160.59,160.59,2,Occasional / Low-Engagement Shoppers
12783,447,3,360.69,120.23,360.69,0,At-Risk / Lapsed Spenders
12784,337,6,802.9300000000001,133.8216666666667,802.9300000000001,0,At-Risk / Lapsed Spenders
12785,340,3,263.59,87.86333333333333,263.59,0,At-Risk / Lapsed Spenders
12786,445,1,4.01,4.01,4.01,2,Occasional / Low-Engagement Shoppers
12787,1,7,1287.57,183.9385714285714,1287.57,1,Loyal Steady Shoppers
12788,3,21,9458.52,450.4057142857143,9458.52,3,Champions (High-Value VIPs)
12789,433,4,238.26999999999998,59.567499999999995,238.26999999999998,0,At-Risk / Lapsed Spenders
12790,35,6,959.3100000000001,159.88500000000002,959.3100000000001,1,Loyal Steady Shoppers
12791,299,5,536.77,107.354,536.77,0,At-Risk / Lapsed Spenders
12792,394,2,56.760000000000005,28.380000000000003,56.760000000000005,2,Occasional / Low-Engagement Shoppers
12793,388,3,440.99,146.99666666666667,440.99,0,At-Risk / Lapsed Spenders
12794,21,5,878.69,175.738,878.69,1,Loyal Steady Shoppers
12795,271,7,530.51,75.78714285714285,530.51,0,At-Risk / Lapsed Spenders
12796,1,14,5001.81,357.2721428571429,5001.81,3,Champions (High-Value VIPs)
12797,611,2,101.48999999999998,50.74499999999999,101.48999999999998,2,Occasional / Low-Engagement Shoppers
12798,38,4,625.73,156.4325,625.73,1,Loyal Steady Shoppers
12799,4,20,11225.1,561.255,11225.1,3,Champions (High-Value VIPs)
12800,5,5,811.98,162.39600000000002,811.98,1,Loyal Steady Shoppers
12801,32,6,925.57,154.26166666666668,925.57,1,Loyal Steady Shoppers
12802,1,19,10574.99,556.5784210526316,10574.99,3,Champions (High-Value VIPs)
12803,6,20,9404.44,470.22200000000004,9404.44,3,Champions (High-Value VIPs)
12804,2,5,928.0,185.6,928.0,1,Loyal Steady Shoppers
12805,719,1,65.78,65.78,65.78,2,Occasional / Low-Engagement Shoppers
12806,550,3,322.26,107.42,322.26,0,At-Risk / Lapsed Spenders
12807,32,6,972.46,162.07666666666668,972.46,1,Loyal Steady Shoppers
12808,18,2,78.57000000000001,39.285000000000004,78.57000000000001,2,Occasional / Low-Engagement Shoppers
12809,304,6,670.33,111.72166666666668,670.33,0,At-Risk / Lapsed Spenders
12810,31,5,333.23,66.646,333.23,1,Loyal Steady Shoppers
12811,301,5,634.61,126.922,634.61,0,At-Risk / Lapsed Spenders
12812,25,4,679.89,169.9725,679.89,1,Loyal Steady Shoppers
12813,18,7,1110.99,158.71285714285713,1110.99,1,Loyal Steady Shoppers
12814,1,12,5118.87,426.5725,5118.87,3,Champions (High-Value VIPs)
12815,166,2,129.16,64.58,129.16,2,Occasional / Low-Engagement Shoppers
12816,388,5,734.64,146.928,734.64,0,At-Risk / Lapsed Spenders
12817,601,1,38.09,38.09,38.09,2,Occasional / Low-Engagement Shoppers
12818,14,8,1599.94,199.9925,1599.94,1,Loyal Steady Shoppers
12819,19,2,61.980000000000004,30.990000000000002,61.980000000000004,2,Occasional / Low-Engagement Shoppers
12820,340,7,835.55,119.36428571428571,835.55,0,At-Risk / Lapsed Spenders
12821,162,7,699.01,99.85857142857142,699.01,0,At-Risk / Lapsed Spenders
12822,6,17,7903.68,464.9223529411765,7903.68,3,Champions (High-Value VIPs)
12823,8,17,9088.32,534.6070588235294,9088.32,3,Champions (High-Value VIPs)
12824,704,1,24.81,24.81,24.81,2,Occasional / Low-Engagement Shoppers
12825,10,16,8218.539999999999,513.6587499999999,8218.539999999999,3,Champions (High-Value VIPs)
12826,3,6,1081.6200000000001,180.27,1081.6200000000001,1,Loyal Steady Shoppers
12827,2,10,5694.1,569.4100000000001,5694.1,3,Champions (High-Value VIPs)
12828,202,6,749.7,124.95,749.7,0,At-Risk / Lapsed Spenders
12829,71,5,363.25,72.65,363.25,0,At-Risk / Lapsed Spenders
12830,360,4,695.02,173.755,695.02,0,At-Risk / Lapsed Spenders
12831,170,2,93.76,46.88,93.76,2,Occasional / Low-Engagement Shoppers
12832,421,2,32.87,16.435,32.87,2,Occasional / Low-Engagement Shoppers
12833,63,4,414.46999999999997,103.61749999999999,414.46999999999997,0,At-Risk / Lapsed Spenders
12834,6,14,6376.54,455.46714285714285,6376.54,3,Champions (High-Value VIPs)
12835,7,7,726.02,103.71714285714286,726.02,1,Loyal Steady Shoppers
12836,199,2,41.17,20.585,41.17,2,Occasional / Low-Engagement Shoppers
12837,707,1,149.7,149.7,149.7,2,Occasional / Low-Engagement Shoppers
12838,1,18,10306.28,572.5711111111111,10306.28,3,Champions (High-Value VIPs)
12839,54,4,506.74,126.685,506.74,0,At-Risk / Lapsed Spenders
12840,18,8,963.14,120.3925,963.14,1,Loyal Steady Shoppers
12841,260,4,190.70000000000002,47.675000000000004,190.70000000000002,0,At-Risk / Lapsed Spenders
12842,1,20,8242.56,412.128,8242.56,3,Champions (High-Value VIPs)
12843,196,2,60.739999999999995,30.369999999999997,60.739999999999995,2,Occasional / Low-Engagement Shoppers
12844,209,4,502.39,125.5975,502.39,0,At-Risk / Lapsed Spenders
12845,9,8,1025.4,128.175,1025.4,1,Loyal Steady Shoppers
12846,40,7,1303.8400000000001,186.26285714285717,1303.8400000000001,1,Loyal Steady Shoppers
12847,19,7,1113.43,159.0614285714286,1113.43,1,Loyal Steady Shoppers
12848,1,12,5012.53,417.7108333333333,5012.53,3,Champions (High-Value VIPs)
12849,516,1,17.04,17.04,17.04,2,Occasional / Low-Engagement Shoppers
